<?xml version="1.0" encoding="UTF-8" ?>
<webTalkData  fileName='usage_statistics_ext_xsim.xml'  majorVersion='1' minorVersion='0' timeStamp='Tue Feb 25 13:53:15 2025'>
<section name="__ROOT__" level="0" order="1" description="">
 <section name="software_version_and_target_device" level="1" order="1" description="">
  <keyValuePair key="beta" value="FALSE" description="" />
  <keyValuePair key="build_version" value="2258646" description="" />
  <keyValuePair key="date_generated" value="Tue Feb 25 13:53:14 2025" description="" />
  <keyValuePair key="os_platform" value="LIN64" description="" />
  <keyValuePair key="product_version" value="XSIM v2018.2 (64-bit)" description="" />
  <keyValuePair key="project_id" value="66a0df696c6a4a8bbd31ad7df572baa1" description="" />
  <keyValuePair key="project_iteration" value="4" description="" />
  <keyValuePair key="random_id" value="b97f8887b20f518ab9d45c84751deb91" description="" />
  <keyValuePair key="registration_id" value="b97f8887b20f518ab9d45c84751deb91" description="" />
  <keyValuePair key="route_design" value="FALSE" description="" />
  <keyValuePair key="target_device" value="not_applicable" description="" />
  <keyValuePair key="target_family" value="not_applicable" description="" />
  <keyValuePair key="target_package" value="not_applicable" description="" />
  <keyValuePair key="target_speed" value="not_applicable" description="" />
  <keyValuePair key="tool_flow" value="xsim_vivado" description="" />
 </section>
 <section name="user_environment" level="1" order="2" description="">
  <keyValuePair key="cpu_name" value="12th Gen Intel(R) Core(TM) i5-1235U" description="" />
  <keyValuePair key="cpu_speed" value="3700.000 MHz" description="" />
  <keyValuePair key="os_name" value="Pop" description="" />
  <keyValuePair key="os_release" value="Pop:_OS 22.04 LTS" description="" />
  <keyValuePair key="system_ram" value="8.000 GB" description="" />
  <keyValuePair key="total_processors" value="1" description="" />
 </section>
 <section name="vivado_usage" level="1" order="3" description="">
 </section>
 <section name="xsim" level="1" order="4" description="">
  <section name="command_line_options" level="2" order="1" description="">
   <keyValuePair key="command" value="xelab" description="" />
   <keyValuePair key="debug" value="typical" description="" />
   <keyValuePair key="dpi_used" value="false" description="" />
   <keyValuePair key="file_counter" value="5" description="" />
   <keyValuePair key="gendll" value="false" description="" />
   <keyValuePair key="hwcosim" value="false" description="" />
   <keyValuePair key="sdfmodeling" value="false" description="" />
   <keyValuePair key="vhdl2008" value="false" description="" />
  </section>
  <section name="usage" level="2" order="2" description="">
   <keyValuePair key="compiler_memory" value="209224_KB" description="" />
   <keyValuePair key="compiler_time" value="0.57_sec" description="" />
   <keyValuePair key="simulation_image_code" value="16 KB" description="" />
   <keyValuePair key="simulation_image_data" value="2 KB" description="" />
   <keyValuePair key="total_instances" value="4" description="" />
   <keyValuePair key="total_nets" value="0" description="" />
   <keyValuePair key="total_processes" value="2" description="" />
   <keyValuePair key="xilinx_hdl_libraries_used" value="secureip " description="" />
  </section>
 </section>
</section>
</webTalkData>
