<?xml version="1.0" encoding="UTF-8"?>
<GenRun Id="impl_1" LaunchPart="xc7a35tcpg236-1" LaunchTime="1740462034">
  <File Type="WBT-USG" Name="usage_statistics_webtalk.html"/>
  <File Type="BG-DRC" Name="Lab_02.drc"/>
  <File Type="BG-BGN" Name="Lab_02.bgn"/>
  <File Type="BITSTR-SYSDEF" Name="Lab_02.sysdef"/>
  <File Type="BITSTR-LTX" Name="debug_nets.ltx"/>
  <File Type="BITSTR-LTX" Name="Lab_02.ltx"/>
  <File Type="BITSTR-MMI" Name="Lab_02.mmi"/>
  <File Type="BITSTR-BMM" Name="Lab_02_bd.bmm"/>
  <File Type="BITSTR-NKY" Name="Lab_02.nky"/>
  <File Type="BITSTR-RBT" Name="Lab_02.rbt"/>
  <File Type="BITSTR-MSK" Name="Lab_02.msk"/>
  <File Type="BG-BIN" Name="Lab_02.bin"/>
  <File Type="BG-BIT" Name="Lab_02.bit"/>
  <File Type="POSTROUTE-PHYSOPT-BUS-SKEW-RPX" Name="Lab_02_bus_skew_postroute_physopted.rpx"/>
  <File Type="POSTROUTE-PHYSOPT-BUS-SKEW-PB" Name="Lab_02_bus_skew_postroute_physopted.pb"/>
  <File Type="POSTROUTE-PHYSOPT-BUS-SKEW" Name="Lab_02_bus_skew_postroute_physopted.rpt"/>
  <File Type="RDI-RDI" Name="Lab_02.vdi"/>
  <File Type="POSTROUTE-PHYSOPT-TIMING-RPX" Name="Lab_02_timing_summary_postroute_physopted.rpx"/>
  <File Type="POSTROUTE-PHYSOPT-TIMING-PB" Name="Lab_02_timing_summary_postroute_physopted.pb"/>
  <File Type="POSTROUTE-PHYSOPT-TIMING" Name="Lab_02_timing_summary_postroute_physopted.rpt"/>
  <File Type="POSTROUTE-PHYSOPT-BLACKBOX-DCP" Name="Lab_02_postroute_physopt_bb.dcp"/>
  <File Type="POSTROUTE-PHYSOPT-DCP" Name="Lab_02_postroute_physopt.dcp"/>
  <File Type="ROUTE-BUS-SKEW" Name="Lab_02_bus_skew_routed.rpt"/>
  <File Type="ROUTE-CLK" Name="Lab_02_clock_utilization_routed.rpt"/>
  <File Type="ROUTE-SIMILARITY" Name="Lab_02_incremental_reuse_routed.rpt"/>
  <File Type="ROUTE-TIMING-RPX" Name="Lab_02_timing_summary_routed.rpx"/>
  <File Type="ROUTE-TIMING-PB" Name="Lab_02_timing_summary_routed.pb"/>
  <File Type="ROUTE-TIMINGSUMMARY" Name="Lab_02_timing_summary_routed.rpt"/>
  <File Type="ROUTE-STATUS-PB" Name="Lab_02_route_status.pb"/>
  <File Type="ROUTE-STATUS" Name="Lab_02_route_status.rpt"/>
  <File Type="ROUTE-PWR-RPX" Name="Lab_02_power_routed.rpx"/>
  <File Type="ROUTE-PWR-SUM" Name="Lab_02_power_summary_routed.pb"/>
  <File Type="ROUTE-PWR" Name="Lab_02_power_routed.rpt"/>
  <File Type="ROUTE-METHODOLOGY-DRC-PB" Name="Lab_02_methodology_drc_routed.pb"/>
  <File Type="ROUTE-METHODOLOGY-DRC-RPX" Name="Lab_02_methodology_drc_routed.rpx"/>
  <File Type="ROUTE-METHODOLOGY-DRC" Name="Lab_02_methodology_drc_routed.rpt"/>
  <File Type="ROUTE-DRC-RPX" Name="Lab_02_drc_routed.rpx"/>
  <File Type="ROUTE-DRC-PB" Name="Lab_02_drc_routed.pb"/>
  <File Type="ROUTE-DRC" Name="Lab_02_drc_routed.rpt"/>
  <File Type="ROUTE-BLACKBOX-DCP" Name="Lab_02_routed_bb.dcp"/>
  <File Type="ROUTE-DCP" Name="Lab_02_routed.dcp"/>
  <File Type="ROUTE-ERROR-DCP" Name="Lab_02_routed_error.dcp"/>
  <File Type="PHYSOPT-TIMING" Name="Lab_02_timing_summary_physopted.rpt"/>
  <File Type="PHYSOPT-DRC" Name="Lab_02_drc_physopted.rpt"/>
  <File Type="PHYSOPT-DCP" Name="Lab_02_physopt.dcp"/>
  <File Type="POSTPLACE-PWROPT-TIMING" Name="Lab_02_timing_summary_postplace_pwropted.rpt"/>
  <File Type="POSTPLACE-PWROPT-DCP" Name="Lab_02_postplace_pwropt.dcp"/>
  <File Type="PLACE-TIMING" Name="Lab_02_timing_summary_placed.rpt"/>
  <File Type="PLACE-PRE-SIMILARITY" Name="Lab_02_incremental_reuse_pre_placed.rpt"/>
  <File Type="PLACE-SIMILARITY" Name="Lab_02_incremental_reuse_placed.rpt"/>
  <File Type="PLACE-CTRL" Name="Lab_02_control_sets_placed.rpt"/>
  <File Type="PLACE-UTIL-PB" Name="Lab_02_utilization_placed.pb"/>
  <File Type="PLACE-UTIL" Name="Lab_02_utilization_placed.rpt"/>
  <File Type="PLACE-CLK" Name="Lab_02_clock_utilization_placed.rpt"/>
  <File Type="PLACE-IO" Name="Lab_02_io_placed.rpt"/>
  <File Type="PLACE-DCP" Name="Lab_02_placed.dcp"/>
  <File Type="PWROPT-TIMING" Name="Lab_02_timing_summary_pwropted.rpt"/>
  <File Type="PWROPT-DRC" Name="Lab_02_drc_pwropted.rpt"/>
  <File Type="PWROPT-DCP" Name="Lab_02_pwropt.dcp"/>
  <File Type="OPT-TIMING" Name="Lab_02_timing_summary_opted.rpt"/>
  <File Type="OPT-HWDEF" Name="Lab_02.hwdef"/>
  <File Type="OPT-METHODOLOGY-DRC" Name="Lab_02_methodology_drc_opted.rpt"/>
  <File Type="OPT-DRC" Name="Lab_02_drc_opted.rpt"/>
  <File Type="OPT-DCP" Name="Lab_02_opt.dcp"/>
  <File Type="INIT-TIMING" Name="Lab_02_timing_summary_init.rpt"/>
  <File Type="ROUTE-BUS-SKEW-RPX" Name="Lab_02_bus_skew_routed.rpx"/>
  <File Type="REPORTS-TCL" Name="Lab_02_reports.tcl"/>
  <File Type="ROUTE-BUS-SKEW-PB" Name="Lab_02_bus_skew_routed.pb"/>
  <File Type="PA-TCL" Name="Lab_02.tcl"/>
  <FileSet Name="sources" Type="DesignSrcs" RelSrcDir="$PSRCDIR/sources_1">
    <Filter Type="Srcs"/>
    <File Path="$PSRCDIR/sources_1/new/Lab_02.vhd">
      <FileInfo>
        <Attr Name="UsedIn" Val="synthesis"/>
        <Attr Name="UsedIn" Val="simulation"/>
      </FileInfo>
    </File>
    <Config>
      <Option Name="DesignMode" Val="RTL"/>
      <Option Name="TopModule" Val="Lab_02"/>
      <Option Name="TopAutoSet" Val="TRUE"/>
    </Config>
  </FileSet>
  <FileSet Name="constrs_in" Type="Constrs" RelSrcDir="$PSRCDIR/constrs_1">
    <Filter Type="Constrs"/>
    <File Path="$PPRDIR/Basys3Labs.xdc">
      <FileInfo>
        <Attr Name="UsedIn" Val="synthesis"/>
        <Attr Name="UsedIn" Val="implementation"/>
      </FileInfo>
    </File>
    <Config>
      <Option Name="ConstrsType" Val="XDC"/>
    </Config>
  </FileSet>
  <Strategy Version="1" Minor="2">
    <StratHandle Name="Vivado Implementation Defaults" Flow="Vivado Implementation 2018"/>
    <Step Id="init_design"/>
    <Step Id="opt_design"/>
    <Step Id="power_opt_design"/>
    <Step Id="place_design"/>
    <Step Id="post_place_power_opt_design"/>
    <Step Id="phys_opt_design"/>
    <Step Id="route_design"/>
    <Step Id="post_route_phys_opt_design"/>
    <Step Id="write_bitstream"/>
  </Strategy>
</GenRun>
