<?xml version="1.0" encoding="UTF-8"?>
<GenRun Id="synth_1" LaunchPart="xc7a35tcpg236-1" LaunchTime="1740462004">
  <File Type="VDS-TIMING-PB" Name="Lab_02_timing_summary_synth.pb"/>
  <File Type="VDS-TIMINGSUMMARY" Name="Lab_02_timing_summary_synth.rpt"/>
  <File Type="RDS-DCP" Name="Lab_02.dcp"/>
  <File Type="RDS-UTIL-PB" Name="Lab_02_utilization_synth.pb"/>
  <File Type="RDS-UTIL" Name="Lab_02_utilization_synth.rpt"/>
  <File Type="RDS-PROPCONSTRS" Name="Lab_02_drc_synth.rpt"/>
  <File Type="RDS-RDS" Name="Lab_02.vds"/>
  <File Type="REPORTS-TCL" Name="Lab_02_reports.tcl"/>
  <File Type="PA-TCL" Name="Lab_02.tcl"/>
  <FileSet Name="sources" Type="DesignSrcs" RelSrcDir="$PSRCDIR/sources_1">
    <Filter Type="Srcs"/>
    <File Path="$PSRCDIR/sources_1/new/Lab_02.vhd">
      <FileInfo>
        <Attr Name="UsedIn" Val="synthesis"/>
        <Attr Name="UsedIn" Val="simulation"/>
      </FileInfo>
    </File>
    <Config>
      <Option Name="DesignMode" Val="RTL"/>
      <Option Name="TopModule" Val="Lab_02"/>
      <Option Name="TopAutoSet" Val="TRUE"/>
    </Config>
  </FileSet>
  <FileSet Name="constrs_in" Type="Constrs" RelSrcDir="$PSRCDIR/constrs_1">
    <Filter Type="Constrs"/>
    <File Path="$PPRDIR/Basys3Labs.xdc">
      <FileInfo>
        <Attr Name="UsedIn" Val="synthesis"/>
        <Attr Name="UsedIn" Val="implementation"/>
      </FileInfo>
    </File>
    <Config>
      <Option Name="ConstrsType" Val="XDC"/>
    </Config>
  </FileSet>
  <Strategy Version="1" Minor="2">
    <StratHandle Name="Vivado Synthesis Defaults" Flow="Vivado Synthesis 2018"/>
    <Step Id="synth_design"/>
  </Strategy>
</GenRun>
